AGE,GENDER,EXPERIENCE,PERSONALITY_PROBLEMS,OVERTIMING_FREQUENCY,FEEDBACK,FREE_TIME
23,1,3,84.3528,5,80,6
31,1,3,64.9858,72,39,3
42,0,4,54.8691,59,93,9
38,1,1,92.0367,11,97,4
33,0,8,17.2225,67,33,5
64,0,7,7.9348,28,42,7
54,0,4,28.7874,27,32,6
52,1,1,85.6519,47,26,9
28,0,2,41.0853,43,93,9
39,0,6,95.8477,15,5,6
44,0,1,92.5349,50,16,6
45,0,5,18.2642,5,19,2
35,0,1,22.6454,69,25,2
58,1,1,43.291,18,66,6
32,0,4,67.2709,8,78,2
31,1,9,74.2626,44,42,4
39,1,9,73.9143,15,60,8
41,0,9,38.6275,93,91,7
30,1,7,73.8409,86,65,8
26,0,7,43.0004,87,24,6
58,0,4,40.1268,12,48,5
28,0,6,59.9058,9,60,6
63,0,7,17.58,9,51,5
19,1,2,8.9445,34,11,5
53,1,2,44.2771,17,31,4
48,0,5,56.2454,22,62,2
63,1,1,57.7687,92,66,1
26,0,4,14.094,46,75,5
38,1,2,96.127,34,85,6
22,1,2,24.1766,73,7,3
26,0,5,69.3973,47,25,6
51,0,4,14.4971,26,86,6
46,0,7,52.7124,91,34,2
51,0,5,25.2714,9,71,6
60,0,6,73.0702,3,48,9
27,0,9,61.9538,22,97,1
38,0,9,39.55,23,72,2
51,0,2,84.8138,48,35,1
21,0,3,95.3678,55,72,4
54,0,1,1.0727,62,2,6
49,0,1,32.1775,25,1,5
42,1,5,2.6327,8,48,3
34,1,9,24.1121,87,98,2
58,1,5,2.7851,1,92,4
39,1,2,54.6511,64,63,2
64,0,8,23.1969,81,48,6
47,0,3,62.8844,77,1,1
55,1,6,61.1688,28,72,7
29,0,4,81.1173,33,79,5
64,1,8,27.5449,87,62,8
34,0,5,64.1116,55,50,2
54,1,6,86.1397,16,2,2
18,1,4,96.8673,1,49,2
29,0,1,61.9908,96,36,2
40,0,1,49.5697,4,9,3
35,0,2,56.7563,78,41,5
24,0,4,54.7635,53,55,1
35,1,3,42.456,1,88,4
46,0,8,87.03,68,57,3
30,0,2,26.9831,49,97,3
44,1,2,39.5335,39,64,5
23,0,3,29.8626,48,49,2
35,1,5,38.8233,34,15,1
19,0,2,11.5937,28,81,1
44,1,9,60.154,55,40,9
38,0,8,39.2265,27,51,6
22,1,6,57.7034,16,33,3
39,1,2,97.1618,85,38,3
51,0,1,83.4409,53,45,4
34,0,8,89.9762,42,30,9
37,0,1,11.3249,5,52,7
64,1,2,38.7255,62,18,8
43,1,4,59.9959,50,87,7
54,0,9,66.0073,30,8,9
39,0,5,83.5908,61,41,9
47,1,6,83.8417,90,33,3
63,0,2,13.384,52,18,2
62,1,9,91.8545,38,52,7
28,0,6,20.1659,73,3,4
47,0,4,87.3182,71,29,4
22,0,4,99.685,92,42,7
46,0,6,85.4955,60,45,6
58,1,1,7.3319,57,40,4
62,0,9,36.2753,56,47,1
46,1,8,47.2482,83,4,8
23,0,9,53.3663,33,22,9
39,0,6,50.7356,74,66,1
26,1,6,77.7369,10,85,5
39,0,4,29.0564,64,47,6
33,1,7,82.3363,34,85,8
38,1,5,8.2961,5,66,5
38,0,4,74.6649,26,71,1
22,1,3,66.4902,11,93,1
18,0,2,42.1612,71,36,8
50,1,9,3.5726,80,7,2
63,0,5,78.6053,17,53,7
19,0,9,81.7367,2,13,7
36,0,4,49.1882,15,27,2
20,0,3,65.4193,65,65,9
59,1,5,18.2913,81,92,5
49,1,8,40.7019,40,68,9
58,1,1,57.6927,97,39,7
29,0,8,6.946,45,5,6
37,0,2,53.0458,74,83,6
37,0,9,1.2692,12,59,7
46,1,8,15.9737,69,12,4
35,1,6,90.7815,86,39,6
23,0,2,35.2839,62,99,7
40,1,2,37.3058,25,38,3
52,1,3,75.3806,52,80,1
56,0,2,10.7703,68,25,2
32,0,7,72.8441,23,3,1
26,0,9,4.4762,44,29,4
38,0,7,69.8908,25,47,4
29,1,1,22.0881,66,33,7
29,0,3,54.2677,19,7,4
48,0,3,1.9833,53,26,5
19,0,6,40.059,79,18,3
43,0,7,35.8795,42,50,8
29,1,6,14.2541,84,62,6
47,1,8,80.7391,11,24,1
39,1,6,16.7648,22,49,1
56,1,3,82.2329,34,35,2
64,0,8,47.9036,24,51,5
52,0,2,73.446,14,70,1
60,1,2,51.8052,34,80,6
23,0,5,24.6172,81,29,6
45,0,3,84.633,84,10,9
31,0,7,67.2199,64,99,7
54,0,5,86.6761,76,7,7
59,1,8,84.4511,13,29,6
45,0,3,24.5061,28,66,9
58,1,8,80.5862,90,24,3
27,1,1,63.8893,58,23,8
27,1,4,87.0416,62,33,6
29,1,8,85.4953,15,91,8
51,0,5,11.9215,26,92,4
37,0,7,27.6953,80,91,1
28,1,4,55.3012,34,77,7
19,1,8,82.2625,63,68,8
54,0,9,35.4843,96,35,4
35,1,8,75.9089,51,50,1
37,0,8,14.7092,67,59,1
52,0,1,96.4868,59,68,2
37,0,2,80.9277,37,48,1
30,0,4,63.4398,89,91,9
45,0,2,93.6259,41,50,6
51,1,1,65.3172,32,15,7
35,1,1,86.0588,41,45,2
31,1,8,5.1954,18,15,1
30,1,1,77.7396,81,54,3
20,1,6,56.4865,28,92,4
48,0,7,10.3122,26,60,2
39,1,5,53.6385,75,31,1
64,0,7,60.2668,37,86,1
47,0,7,13.6093,30,95,3
18,1,3,22.7899,39,63,1
53,1,5,8.4844,56,35,3
36,0,1,42.9881,68,52,7
64,0,9,62.7776,91,79,1
60,0,9,6.0551,53,11,4
42,1,3,71.0371,27,65,2
29,1,7,64.9055,98,69,7
39,1,6,67.3025,14,11,4
58,0,6,40.1648,72,37,3
44,0,1,78.7967,17,26,3
48,0,8,37.8859,45,62,2
54,1,9,79.6752,44,24,4
27,0,1,64.9773,80,30,6
36,1,8,16.1757,31,6,3
44,1,7,42.7565,19,48,8
35,1,1,47.8323,98,61,1
27,1,7,56.193,45,29,8
32,0,3,55.5956,20,16,5
31,0,8,50.5896,71,4,4
34,1,4,32.8987,74,79,9
40,0,2,83.3594,16,9,3
55,1,7,74.6458,6,70,2
38,1,3,23.9642,74,15,7
18,0,4,90.3476,27,23,6
39,0,4,35.8111,66,85,1
44,1,6,39.2754,75,93,4
30,0,8,66.2105,33,88,3
64,1,6,63.227,95,96,6
37,0,3,84.2462,66,6,3
52,0,3,44.247,23,98,8
47,1,6,54.477,57,96,9
33,1,7,94.9876,88,6,8
39,1,6,83.3865,28,89,2
30,1,5,29.6922,16,53,2
24,0,8,70.6554,66,4,8
26,0,8,34.3603,60,42,7
48,1,6,2.0616,9,2,3
35,1,4,65.919,60,31,3
27,1,4,53.8807,10,56,4
52,0,6,27.0594,42,63,1
56,0,1,57.6515,29,61,7
61,0,6,35.8103,87,32,9
48,1,9,38.0241,12,35,1
38,0,9,94.6448,65,93,3
43,0,3,17.5029,54,2,4
45,0,9,32.4315,12,96,3
47,1,9,29.505,56,43,2
32,0,7,84.5663,84,9,7
21,0,6,81.3285,73,44,4
24,0,5,89.2196,23,71,3
36,0,1,86.685,41,79,4
59,1,1,63.3698,31,41,4
23,1,4,9.7122,74,66,1
60,0,6,94.8833,64,13,8
25,0,4,55.1489,40,30,5
43,1,9,58.8501,48,53,1
33,0,2,2.3026,83,80,6
54,0,9,16.7753,61,70,7
35,0,2,16.1056,33,22,8
48,1,8,80.3798,60,5,9
63,1,2,11.102,31,26,9
53,1,2,20.9574,15,65,2
45,1,8,44.1344,22,4,4
45,0,3,18.7445,28,30,1
19,1,2,56.9952,15,74,9
18,0,7,99.0745,89,75,1
51,0,6,59.2767,59,20,6
22,1,2,50.5623,82,50,5
23,1,3,76.0036,45,47,4
55,1,2,58.0856,25,49,2
58,0,4,93.7793,18,42,8
57,1,8,36.7544,27,34,4
29,0,1,84.0767,85,81,7
59,1,2,94.2985,3,33,2
30,0,3,89.9963,89,6,2
30,0,8,49.5752,63,8,7
23,0,4,68.5094,32,38,2
60,0,4,92.4644,31,80,8
64,1,9,21.0413,5,93,3
25,0,4,25.3777,53,64,7
52,1,9,60.4989,90,18,7
22,0,5,66.2922,55,23,6
60,0,1,94.6184,88,64,1
19,1,5,83.7428,17,45,1
63,0,8,91.5381,3,32,5
44,1,8,42.6644,76,48,4
21,0,2,64.6134,56,67,3
58,0,7,20.615,92,18,5
19,0,7,73.1785,83,36,9
51,0,8,41.5158,26,85,2
38,1,4,61.8958,66,5,2
35,0,5,5.8547,34,34,6
27,1,8,35.7755,61,27,4
43,0,9,70.5939,91,99,7
37,0,8,38.1602,49,39,2
31,1,5,4.477,12,40,5
18,1,1,83.2355,77,70,7
57,0,9,80.9963,10,72,6
46,1,1,78.0909,85,30,2
59,1,1,39.0879,40,25,9
41,1,9,12.9189,33,20,8
47,0,3,90.4773,69,14,2
60,0,2,63.3233,42,42,2
40,0,4,18.4597,61,9,6
28,0,1,62.162,12,14,3
41,0,2,47.5689,55,7,1
41,1,2,27.5523,34,37,2
42,1,4,61.6119,25,52,3
24,0,6,52.0828,70,68,4
19,0,6,60.7077,35,1,7
22,0,1,93.2212,31,93,2
35,0,3,90.6236,39,93,5
21,0,3,16.614,15,92,7
49,1,4,90.2325,34,70,4
43,0,5,92.6067,25,72,3
24,1,1,61.7085,5,90,2
56,1,2,1.5946,54,77,3
50,0,8,16.2513,96,60,6
39,0,1,21.3775,28,49,7
32,0,5,55.2064,68,77,3
43,1,4,39.6036,89,24,8
55,1,4,91.121,3,49,2
52,1,5,43.9,57,64,7
63,1,3,89.6651,17,13,5
38,1,9,39.1202,69,7,4
21,0,2,87.7553,45,88,3
56,1,6,86.9405,39,81,6
59,1,8,20.9262,32,96,5
58,1,4,64.4309,93,81,1
31,1,7,86.4969,88,45,5
37,0,1,14.0153,95,69,5
27,1,2,67.6995,94,64,8
59,0,1,40.1682,88,96,4
50,0,7,90.0935,72,95,3
25,0,8,79.0575,74,82,6
56,0,6,2.5696,58,3,2
24,1,2,60.2046,45,98,3
29,1,9,18.105,8,57,4
48,0,3,33.5639,47,22,4
55,0,6,61.8268,37,96,1
58,0,2,1.9747,15,13,2
18,0,7,13.1788,80,34,9
42,0,3,85.6193,6,71,9
45,1,8,63.2033,17,40,6
42,0,9,92.1092,88,73,3
59,1,1,41.66,5,11,7
23,1,4,98.7483,30,25,1
29,0,3,5.3503,98,87,8
43,1,1,20.8761,97,68,2
36,1,7,27.7915,87,36,9
46,0,2,62.3242,43,89,1
49,1,4,9.1465,24,43,6
22,1,3,11.0844,98,11,3
31,0,7,11.9977,48,51,8
51,1,2,34.3696,7,98,8
63,1,1,87.6345,77,90,9
32,1,7,61.5473,49,10,6
62,0,5,86.3843,52,79,8
53,1,4,15.4961,2,77,7
63,0,5,46.11,46,41,6
37,1,4,74.6781,80,35,2
27,0,7,75.9102,11,97,4
50,0,2,51.2244,44,95,6
56,0,5,27.7654,19,35,1
54,1,5,51.3985,22,41,5
44,0,2,26.6359,4,54,4
45,1,6,59.9554,93,99,7
62,0,4,10.4574,77,31,4
18,0,9,25.4156,31,89,7
30,0,8,17.1511,21,64,5
61,0,6,91.8675,83,28,3
33,0,6,37.2745,86,16,5
47,1,8,15.4034,63,40,2
47,1,7,89.5204,37,52,3
24,0,5,40.4656,13,7,5
40,0,5,64.0775,76,33,4
56,0,2,90.3839,94,33,3
18,1,2,3.7254,95,21,9
38,1,4,74.6001,81,52,6
40,1,7,89.747,9,14,8
29,0,2,50.6493,31,69,4
47,0,3,46.6392,50,57,7
64,1,4,77.7421,52,82,2
43,0,3,3.8305,3,64,2
30,1,4,13.4651,44,14,8
64,1,1,64.5465,48,57,5
29,0,4,9.3179,26,85,2
43,0,1,2.5237,62,10,8
36,1,8,60.3883,42,23,2
28,0,9,96.9626,81,15,3
27,0,8,58.2994,51,78,5
28,0,2,44.9034,69,70,7
32,1,8,53.7142,82,30,8
63,1,3,1.9151,18,77,2
26,1,3,82.5433,53,14,9
63,1,1,15.0112,76,54,4
45,0,5,30.0944,60,41,2
34,0,8,60.2054,94,56,2
26,0,9,51.144,96,24,3
31,1,9,3.0935,29,8,9
49,0,2,12.969,58,97,6
38,1,8,76.196,14,33,8
40,1,1,14.323,53,53,2
29,1,1,81.6553,18,5,7
36,0,3,10.7289,84,31,6
52,1,8,96.9937,49,98,1
34,0,4,61.0182,67,59,9
23,0,2,77.2449,94,58,3
51,0,9,89.2452,53,83,9
62,0,1,37.5059,84,48,5
30,1,9,31.1359,27,88,4
57,0,5,87.8714,39,57,3
22,0,7,75.9366,14,64,4
25,1,6,11.3551,60,59,1
51,0,2,7.2592,97,79,5
37,0,6,85.0817,15,17,3
19,0,3,87.0242,78,71,6
50,1,7,46.1942,81,54,1
20,1,2,36.7684,7,94,1
26,0,4,7.1754,63,59,7
38,0,5,91.2162,72,24,8
21,0,6,26.3928,3,23,1
23,0,9,77.5184,81,11,7
35,1,7,23.2696,69,18,2
64,1,7,80.4963,50,88,6
64,1,1,65.0294,25,99,5
59,0,5,11.389,38,80,2
64,0,7,48.6049,88,52,8
23,0,5,42.1369,92,53,6
22,0,1,34.0435,97,64,8
53,1,4,59.1135,59,36,5
58,0,4,69.4416,75,5,2
20,1,2,38.4374,90,90,2
44,1,4,29.5832,67,12,3
41,0,3,92.4858,56,92,3
59,1,6,39.8049,93,71,3
49,0,8,95.9755,94,47,5
45,1,4,50.1157,38,94,9
60,0,3,56.2309,46,42,8
61,0,7,89.1873,53,72,9
55,1,5,52.2158,74,96,8
36,0,5,38.2879,37,82,2
55,1,7,93.8692,85,48,1
31,1,7,31.2464,52,21,5
60,0,4,65.8004,72,68,5
25,0,9,88.4343,14,39,8
21,0,8,20.4138,23,74,2
34,1,1,82.5777,33,73,6
38,0,3,74.2352,46,75,2
48,1,1,61.6873,70,73,8
20,1,3,61.3852,63,30,8
57,1,9,52.337,82,50,2
22,0,4,24.4228,9,83,9
44,0,5,97.098,77,83,6
35,0,9,45.0145,98,48,2
29,1,5,60.0933,98,49,9
40,1,5,89.2029,82,17,5
42,1,2,60.2631,18,32,4
30,0,8,27.6913,72,9,6
64,1,3,20.809,87,21,5
62,1,8,32.4623,9,12,3
18,1,6,47.8989,36,83,4
44,0,8,96.9058,61,29,6
35,1,9,76.0924,24,65,2
27,1,7,18.9165,73,91,8
36,0,2,17.9997,93,69,3
24,1,2,23.1205,25,32,5
59,1,3,37.8883,91,87,1
24,1,9,70.1495,47,12,7
64,0,6,6.6171,19,71,3
57,1,6,78.2685,44,83,1
25,1,1,44.3312,6,41,8
22,0,9,1.3678,38,30,4
40,0,8,82.657,60,79,6
25,0,4,80.2133,56,64,7
37,1,1,52.3306,41,1,2
18,0,1,27.9175,14,87,6
43,1,9,77.9823,41,49,1
34,0,4,11.0824,16,85,1
45,1,7,79.8993,32,24,1
54,0,9,62.4408,40,76,1
56,1,8,46.9702,5,51,3
56,1,6,10.7802,25,70,7
35,1,1,23.1282,8,87,3
56,0,9,75.3009,9,37,6
41,1,5,28.7363,3,76,2
50,1,5,41.0047,4,76,3
34,0,4,26.2566,55,32,1
30,1,5,14.8754,21,28,2
43,0,2,16.776,40,19,7
27,1,5,64.5189,92,91,7
53,1,1,57.0956,36,13,2
42,0,4,29.1884,82,46,7
19,1,8,21.8741,53,16,5
27,0,4,23.7018,24,81,9
30,0,4,63.2901,81,36,2
19,1,4,77.9112,87,3,3
34,0,7,99.1461,97,47,1
63,1,6,53.7446,27,68,8
20,1,5,79.9181,89,32,1
21,0,3,98.4141,11,65,7
26,1,5,70.1275,18,90,6
31,1,5,98.7134,58,20,8
36,0,7,83.0038,59,30,2
28,0,8,72.8091,54,63,5
47,1,8,28.8154,35,79,4
49,0,2,92.007,61,36,4
37,0,7,65.41,38,98,7
64,1,2,52.4501,44,46,1
51,1,8,90.0558,84,61,5
26,0,3,48.5389,94,74,8
36,0,1,49.0907,46,82,9
39,1,2,79.9904,19,7,2
61,1,5,86.0163,12,15,2
49,0,2,23.4463,34,82,1
40,1,8,81.2841,31,75,1
52,0,9,73.6854,6,60,3
33,1,4,29.1937,69,46,9
63,0,7,17.7119,12,38,3
21,0,5,25.1223,56,56,5
57,0,6,60.0397,41,54,7
34,1,6,23.5175,11,82,7
24,0,5,77.3372,63,69,2
21,1,4,23.2869,98,56,9
44,0,4,46.2306,83,4,5
40,0,7,83.0492,95,68,2
28,0,9,29.7157,35,78,5
62,0,4,28.2795,68,91,7
56,0,4,78.5928,4,33,7
32,0,3,22.2582,2,4,3
57,0,8,77.55,52,25,1
63,1,9,73.0738,64,48,9
26,1,3,23.3503,22,14,7
32,0,2,69.6206,23,99,8
45,1,5,57.5333,59,46,3
23,1,2,26.3722,44,32,4
34,1,2,93.8348,92,80,7
64,0,8,21.297,38,44,9
19,0,3,29.0405,35,91,5
22,1,5,41.169,34,53,2
22,0,3,85.96,81,22,7
18,1,2,8.3096,83,96,9
48,0,7,38.6466,36,51,5
37,0,1,31.4587,79,33,9
40,0,2,90.575,52,15,4
48,0,3,46.0763,60,44,3
63,0,2,17.8609,86,22,2
39,1,6,55.913,77,6,7
24,0,8,45.7852,31,92,9
40,1,9,6.7395,76,96,9
34,0,9,81.6171,10,18,9
62,1,9,50.1693,73,15,2
50,1,9,81.7541,73,58,8
25,1,1,15.4862,59,90,5
55,0,7,68.0991,72,3,3
27,1,4,8.7927,38,87,2
45,0,1,56.0252,14,31,5
32,0,4,49.9316,51,9,3
29,0,5,5.4728,63,47,7
26,0,9,66.9773,12,52,3
28,1,6,51.5605,67,66,7
59,1,3,29.9101,81,38,7
26,1,9,29.3586,53,18,8
56,0,2,47.3716,35,36,7
24,1,2,16.1802,26,57,1
38,0,7,15.9546,85,59,7
31,0,8,38.6002,40,80,3
30,1,2,97.0917,16,67,2
27,1,3,31.7728,14,98,5
18,0,4,53.237,15,87,6
64,0,1,91.5379,88,49,7
45,1,7,40.3675,71,59,8
23,0,7,61.1935,76,83,2
47,1,9,41.463,83,69,2
22,0,9,84.9227,84,90,5
39,0,9,27.4804,55,80,9
38,0,9,74.208,90,19,1
43,1,1,63.4183,54,13,5
58,1,8,68.5244,40,49,5
26,0,5,74.143,82,33,5
50,1,4,68.9834,41,36,2
40,0,8,61.477,54,11,5
37,0,3,72.416,62,69,6
28,1,3,30.8073,89,46,7
53,1,9,9.2401,38,9,4
40,1,9,44.625,9,78,3
59,0,1,92.997,75,18,6
53,0,3,78.0563,60,43,2
61,1,7,2.8058,43,64,8
57,1,7,59.3537,18,96,7
30,0,1,69.3294,2,34,9
29,0,3,5.327,21,63,9
48,1,5,99.5242,95,35,2
27,1,5,60.7683,19,54,7
36,0,1,15.1151,97,84,1
21,1,6,37.4196,67,81,1
46,0,2,85.1027,67,2,3
51,0,3,36.8325,68,37,5
18,1,1,52.8371,43,47,3
41,0,3,56.9157,37,25,3
30,0,8,85.3463,41,61,5
57,1,2,35.766,14,58,9
27,0,5,35.2157,56,69,1
50,0,6,72.3573,17,38,3
47,0,1,95.8475,54,83,2
61,0,5,95.4272,59,64,3
28,1,7,94.1643,47,71,7
41,0,7,63.385,47,2,3
30,0,1,62.8467,63,53,6
41,1,7,9.0143,21,9,1
61,0,5,10.4225,96,82,6
53,1,3,28.4037,75,19,3
31,0,7,60.2718,56,6,1
28,0,4,14.6468,88,84,1
41,1,7,90.8175,57,55,3
34,0,6,39.7935,83,97,2
36,1,4,23.7378,75,65,1
53,1,2,17.5593,37,76,6
56,1,2,50.4361,37,18,2
26,1,5,28.9169,54,96,2
23,0,2,31.1945,74,92,8
25,0,8,85.9943,62,6,5
21,1,2,82.3878,6,72,3
53,1,6,19.6569,70,38,2
19,0,4,19.9345,94,39,9
21,1,5,94.5263,13,82,4
64,0,4,47.7514,57,2,8
37,0,8,78.3238,72,56,5
22,1,1,59.7389,99,49,5
27,0,6,17.0024,7,18,8
22,1,7,85.2662,27,58,8
57,1,2,57.1396,77,78,8
25,0,3,72.2258,86,92,3
58,0,2,97.4404,71,12,2
49,1,5,28.5639,96,84,9
30,1,8,87.8679,7,37,3
61,0,8,62.4479,14,21,9
55,1,5,60.3894,16,96,9
27,1,5,86.0742,66,54,5
24,1,5,40.3587,94,45,1
60,0,7,44.3052,3,16,8
37,1,3,56.0888,42,83,6
36,0,4,3.3188,95,59,9
57,0,6,45.326,2,71,2
48,1,5,20.6451,27,74,5
51,1,4,76.312,60,61,7
60,0,1,55.5319,86,45,7
35,0,7,85.3489,41,47,3
34,0,6,89.879,85,28,6
25,1,9,15.1562,24,82,8
41,0,3,8.4298,11,79,6
29,0,2,35.3203,39,93,2
29,0,4,63.8416,52,1,7
57,0,1,28.1534,59,54,9
62,1,6,61.0037,15,77,3
37,1,7,98.5274,54,48,4
56,0,5,23.9505,94,58,2
54,1,1,37.1614,67,16,6
50,0,8,92.51,99,29,2
60,0,3,55.7067,23,8,3
39,0,1,68.6224,14,73,6
24,0,6,37.0898,75,87,6
36,0,7,58.8049,5,17,4
52,0,2,28.0598,86,65,1
62,0,2,8.1193,70,94,3
37,0,2,66.8339,39,53,3
51,1,3,9.4967,36,19,7
40,1,8,98.8735,49,65,4
56,0,2,25.5469,39,71,8
20,1,8,20.6048,60,96,1
37,0,7,87.7122,23,12,8
55,1,7,22.3832,30,6,7
38,1,5,55.7362,30,34,2
50,0,9,28.8109,38,14,9
54,1,5,11.0933,2,39,3
36,1,9,2.4603,77,43,9
53,1,2,17.5297,11,15,6
30,1,9,26.9761,1,97,2
35,0,3,46.1499,67,40,1
41,0,4,30.6995,93,10,6
19,1,1,23.9009,35,61,2
19,0,8,16.8576,29,63,2
31,0,2,68.5062,76,56,6
19,0,1,56.9912,21,64,5
47,1,9,53.3306,87,48,6
26,1,8,77.7101,5,31,7
42,1,2,29.022,70,39,1
56,1,5,77.7223,54,39,8
41,0,4,25.4181,34,21,1
28,1,8,73.1436,97,26,9
52,0,7,75.6015,39,37,6
29,0,1,55.1485,67,35,7
26,0,9,19.9024,92,28,6
58,1,2,68.2452,94,17,2
24,0,1,62.4419,80,79,3
47,1,6,33.5296,4,56,4
41,0,8,35.8809,25,50,4
42,0,2,42.5492,51,49,1
37,1,2,18.8089,99,60,9
34,0,1,80.4264,16,72,1
24,0,3,12.3833,60,26,2
55,0,2,58.9092,46,21,4
22,1,2,89.3617,82,99,6
62,1,1,25.2023,26,70,3
43,1,3,66.5659,27,64,2
50,1,4,2.5801,92,26,9
57,0,8,22.0901,34,47,2
20,1,2,64.8759,9,28,6
30,1,6,57.4099,3,16,1
33,1,2,33.008,84,89,9
23,1,4,86.3227,49,82,1
60,0,7,58.7722,55,51,3
29,0,4,83.2804,37,94,7
27,0,6,12.7955,71,7,1
18,0,3,71.0179,38,24,1
22,1,4,51.7746,13,20,4
23,0,5,15.4858,34,90,9
33,1,7,92.7214,36,2,2
41,1,8,91.4226,66,69,9
35,0,8,3.2506,18,75,7
45,1,9,69.0286,65,27,6
31,0,7,46.1484,87,50,2
63,0,2,45.828,33,51,3
28,1,6,84.9888,67,77,4
58,0,4,64.7539,20,24,1
28,1,3,10.709,50,86,7
38,0,9,44.157,30,19,8
54,1,8,23.2789,87,9,9
61,0,1,79.3922,98,48,4
22,0,5,59.3714,56,82,4
28,1,8,68.273,36,3,8
36,1,2,39.2389,30,27,9
61,0,8,37.1622,56,45,7
58,1,5,5.7471,45,42,8
49,1,5,7.4177,86,64,6
38,0,3,85.8022,21,57,6
57,1,1,16.2969,71,40,7
35,1,6,15.2459,43,22,2
64,1,9,50.1482,58,93,3
26,0,9,30.626,49,27,8
20,0,2,75.2458,94,16,7
34,0,7,65.8693,93,63,3
30,0,8,23.552,25,98,8
57,1,8,14.5939,15,59,6
61,1,3,70.839,55,53,9
60,1,1,39.9849,2,98,4
19,0,8,56.8612,60,56,2
44,0,7,49.5339,80,13,7
21,0,7,71.1894,77,42,1
47,0,7,8.1167,51,8,7
57,1,5,83.341,14,79,1
37,0,5,75.5906,16,19,5
54,0,1,5.369,26,10,2
52,1,3,36.3183,15,94,9
64,1,1,51.501,96,49,3
50,0,5,41.0443,50,89,4
32,1,6,96.894,61,17,6
24,1,6,34.1348,61,15,4
48,0,6,49.3805,17,41,2
39,0,9,65.1421,20,29,8
19,0,2,60.0571,88,10,5
43,0,2,70.5654,8,8,8
50,1,3,68.6665,73,78,3
34,0,1,27.5148,75,95,2
51,0,4,89.5214,38,5,1
58,1,4,56.8678,57,66,2
36,1,5,16.0114,6,15,3
32,0,4,74.6506,61,57,4
24,0,9,70.3847,59,85,8
61,1,5,52.6252,72,79,4
27,0,2,69.9683,5,24,6
18,1,3,9.342,84,80,1
33,1,6,59.7467,24,82,8
20,0,2,15.2383,24,5,1
64,0,9,50.5536,55,41,3
51,1,8,58.6793,21,45,7
51,1,8,67.2842,63,71,7
48,0,6,37.7816,1,40,1
30,1,7,25.3293,32,45,9
51,0,8,93.0482,64,39,7
26,0,2,12.3769,37,61,2
62,1,7,72.2189,16,51,3
36,0,6,38.1353,24,11,6
34,1,1,33.2844,85,97,7
33,1,6,28.4119,88,68,5
56,0,5,60.118,68,16,1
38,0,2,82.3545,21,98,4
61,1,8,67.9496,84,70,5
39,1,2,61.0913,14,42,1
49,1,1,86.6776,53,24,9
62,1,4,76.2648,48,37,3
33,1,4,82.3752,32,90,8
54,0,1,96.5995,84,80,9
36,1,8,57.4561,8,43,8
28,1,9,5.6097,58,15,2
52,1,7,61.6862,28,35,3
51,0,4,18.246,75,90,4
63,0,4,8.4401,7,84,2
19,1,3,64.5806,8,1,6
64,0,3,86.1735,68,25,2
54,1,1,39.0054,32,51,3
28,0,7,56.7351,99,98,5
32,1,3,52.6149,59,23,2
47,0,6,67.454,68,85,7
44,1,5,49.6198,51,17,7
55,0,7,92.4966,34,85,3
51,0,6,2.6733,94,33,5
44,0,4,33.7155,63,99,7
30,1,8,95.4904,28,87,4
24,0,4,93.7258,96,97,3
56,0,2,79.0219,43,54,5
62,1,2,13.4627,28,26,9
54,0,2,79.5891,43,86,8
20,0,8,88.9703,14,44,5
54,1,2,90.1746,77,76,8
43,1,4,93.4483,40,32,9
37,1,6,90.3708,81,50,2
63,0,2,13.2647,9,68,7
33,1,8,4.6147,23,65,8
43,1,5,48.1682,67,73,9
41,0,8,5.5663,17,78,7
60,1,8,48.9158,3,54,4
20,0,8,85.7389,81,62,1
50,1,1,72.9368,52,66,8
63,0,2,70.254,6,60,9
45,1,1,29.9382,98,85,3
44,1,1,26.0605,74,74,7
55,1,9,36.3144,82,6,6
26,1,1,62.9822,3,13,4
64,1,9,92.2883,76,73,1
58,1,6,74.9331,35,82,6
18,1,3,45.4579,23,98,4
58,1,7,60.02,70,16,8
48,0,5,95.3458,35,44,8
41,0,6,80.0961,65,83,2
38,1,1,53.7426,18,12,7
32,1,3,66.6831,3,57,1
57,0,5,39.5151,28,73,5
55,1,5,68.4191,59,66,5
48,0,4,94.0129,12,25,5
53,0,1,3.618,8,99,6
62,1,7,91.6912,45,23,5
58,0,2,9.1705,23,95,8
52,1,8,10.6046,6,85,5
55,0,5,25.0487,75,59,5
27,0,3,12.3592,33,6,8
26,1,1,19.4225,87,25,1
60,0,7,91.1472,39,6,3
36,0,7,5.4924,15,95,6
50,1,8,19.4244,99,47,4
63,0,5,38.4919,70,66,7
22,1,1,19.6887,60,23,9
38,0,6,98.829,99,87,4
37,1,8,41.1499,62,35,8
53,1,2,41.4477,2,24,4
48,1,6,83.6404,75,88,4
57,0,2,73.9948,5,49,5
31,0,6,44.2079,71,83,2
30,0,2,40.8912,51,54,8
42,0,1,57.1003,36,42,1
58,1,6,11.0795,4,4,9
63,0,9,62.2021,48,75,4
18,0,8,53.8545,68,39,8
37,0,6,55.0828,33,57,1
58,1,6,57.9633,60,74,4
60,0,1,37.0632,28,31,3
26,1,8,16.2258,41,66,6
64,1,9,49.2233,55,74,7
58,0,3,71.3513,35,66,1
58,0,3,48.9835,32,30,2
50,1,5,58.8128,89,20,8
51,0,1,64.1811,82,27,8
45,1,7,83.603,29,38,3
57,0,9,27.0949,94,46,8
46,0,1,96.3086,68,32,5
37,0,6,41.2368,80,66,3
62,1,7,57.5954,43,27,6
27,0,8,23.1318,96,54,7
27,0,2,35.7582,65,99,9
24,0,2,8.2466,11,88,2
36,1,6,87.6383,50,94,9
51,1,9,10.5119,74,3,8
52,0,1,13.8366,65,42,5
34,0,3,27.6136,58,56,5
32,1,5,49.5841,11,47,3
40,0,3,52.4336,70,70,3
49,1,4,53.173,88,34,6
52,1,6,14.9949,78,94,6
37,0,9,5.7295,69,1,3
39,0,5,48.3391,55,14,5
40,0,3,78.0521,38,83,4
28,0,2,11.4257,63,9,6
63,1,8,27.2733,77,37,3
59,0,9,57.0324,27,50,9
58,0,4,56.904,37,91,6
25,0,4,32.778,7,25,1
61,0,6,73.0162,45,44,3
64,1,6,40.8727,22,44,9
60,1,5,25.0691,97,44,2
23,1,9,95.0549,71,51,1
36,1,2,41.2809,61,35,5
53,0,4,84.1968,82,45,1
18,0,5,82.4078,54,79,9
18,0,3,24.3153,85,16,1
49,0,3,4.0539,53,22,3
57,0,6,88.968,27,5,7
25,1,5,68.2186,45,18,1
34,0,8,14.5953,9,45,2
56,1,4,11.7462,57,62,6
31,0,2,98.0045,79,66,2
26,1,3,94.8737,11,19,5
52,0,3,99.4881,10,95,9
32,0,1,85.7246,84,36,6
50,0,4,3.2248,90,73,9
25,0,8,75.394,8,4,9
39,1,6,59.1671,98,99,4
44,0,3,23.4992,12,88,2
42,1,7,78.0442,79,6,2
52,1,3,34.7724,62,43,7
50,0,5,96.8599,68,56,8
41,1,7,25.4253,73,51,1
38,0,8,21.9722,6,13,4
19,1,2,5.8153,25,36,5
58,1,3,44.8448,96,33,9
61,0,2,18.7272,16,63,1
63,1,4,90.1559,22,86,9
33,1,1,94.2806,42,99,6
36,0,5,21.5998,79,97,2
45,0,3,46.8569,64,63,2
42,1,2,39.7773,6,77,8
50,1,4,5.2976,37,5,7
64,0,9,74.5378,42,1,2
33,0,4,33.567,65,98,3
23,0,6,91.2456,34,27,1
42,1,7,28.1732,78,99,1
63,0,2,80.7583,10,82,6
39,1,8,46.4619,61,81,5
33,1,9,33.3161,11,83,9
52,0,9,66.1408,2,53,3
44,1,6,45.7661,75,11,5
45,0,1,2.3673,6,69,1
21,0,4,9.284,70,50,7
56,1,8,89.6386,39,90,8
24,0,5,3.4402,38,56,2
60,1,6,56.3709,23,58,8
43,0,7,34.5903,66,31,1
31,1,3,38.3598,67,5,3
43,0,6,82.8181,93,62,2
62,0,6,74.83,37,2,8
38,1,1,82.7254,49,8,4
26,1,1,94.4511,28,89,9
63,1,9,46.7747,21,84,5
24,1,3,9.1951,5,60,7
38,1,2,4.4552,45,2,1
36,1,1,96.5684,77,46,3
63,1,6,38.6225,78,18,9
40,0,8,94.7697,52,38,2
29,1,3,27.0746,58,25,6
42,1,3,8.0273,93,56,5
23,1,8,1.142,87,45,3
23,0,5,58.6249,57,34,8
47,0,6,67.7508,50,39,3
48,0,8,93.4807,2,24,2
63,1,6,34.2972,14,40,6
60,0,8,41.3324,4,52,4
43,0,2,83.1949,27,40,6
39,1,9,76.9071,64,41,6
38,1,2,79.5057,74,19,6
56,0,9,13.2904,97,69,4
40,1,6,79.6509,15,36,5
46,0,1,54.755,64,70,3
32,1,7,41.782,31,66,5
55,1,7,87.7813,30,60,5
38,0,2,22.588,50,82,9
21,1,2,54.088,84,59,8
51,0,3,9.1453,11,54,6
38,1,1,65.0897,37,22,6
21,1,6,96.3425,6,5,2
49,1,3,81.1918,37,49,9
35,1,8,70.4309,92,74,1
53,1,7,84.3577,6,72,5
43,0,9,98.6784,85,51,4
25,1,8,94.8437,74,12,4
40,1,8,26.1626,9,17,7
36,0,5,27.7766,87,62,6
18,0,5,29.8233,90,54,8
35,1,3,32.3723,87,99,9
29,0,8,33.5111,53,56,5
58,1,2,90.0511,54,40,2
62,0,1,4.5742,5,66,6
41,0,6,60.8153,4,55,5
21,1,2,13.1047,26,38,4
56,0,7,3.3571,50,66,3
27,0,3,95.6198,96,49,8
28,0,7,10.2874,96,36,5
38,0,9,37.9256,89,38,2
49,0,7,48.8415,68,38,2
52,1,2,23.6046,21,43,5
41,0,5,77.7326,69,61,4
24,0,4,47.0793,74,97,3
29,1,3,7.4962,55,35,2
35,1,9,54.0493,45,53,2
23,0,1,81.4421,91,10,3
62,0,4,16.6757,60,75,4
37,1,7,42.3978,11,33,6
35,1,4,36.4331,11,11,6
40,1,1,80.5499,7,29,6
31,1,8,91.298,10,19,5
58,1,3,28.8541,81,16,6
18,1,8,10.7036,69,72,1
59,0,7,55.2823,89,19,4
62,1,9,60.9431,42,41,4
23,0,3,1.0354,12,63,5
34,0,7,60.266,2,79,8
46,0,9,84.5653,40,77,3
30,1,3,57.6168,53,97,6
19,1,7,88.925,91,77,8
34,0,9,38.7694,64,92,5
60,1,1,99.3634,97,44,6
57,1,2,30.4755,20,64,4
53,0,9,79.6464,28,90,4
19,1,2,46.476,71,80,7
20,1,8,24.0177,31,10,9
56,0,7,43.5408,2,91,9
31,0,9,1.6045,88,37,1
54,1,6,25.115,45,6,8
51,0,1,51.9541,72,88,5
24,0,5,38.7357,30,36,7
21,0,7,99.9117,97,2,9
48,0,2,18.7551,24,63,7
36,1,1,37.3702,4,25,9
43,0,9,8.6843,41,92,5
54,0,6,20.5417,10,41,9
40,0,3,37.5131,30,54,2
32,1,4,65.7294,86,13,3
42,0,2,46.154,4,95,7
21,0,3,91.4315,1,94,4
56,0,8,16.5068,20,53,9
64,1,9,78.0488,31,30,9
18,0,3,68.5304,62,84,7
37,0,5,66.2205,97,60,3
63,1,5,35.356,39,88,2
64,1,3,53.8104,84,16,8
42,0,2,3.665,84,41,9
27,1,8,62.2722,32,63,1
38,1,4,48.2974,69,85,8
57,0,7,48.9484,25,88,7
59,0,8,18.5351,49,10,4
59,0,3,90.2874,20,48,6
22,0,2,6.2324,17,43,5
26,1,9,56.0334,39,18,7
36,1,4,72.5692,32,28,5
41,0,7,69.4537,61,49,3
49,1,1,45.3307,53,59,8
51,1,4,98.4397,17,79,7
29,0,7,30.8749,41,60,7
37,1,8,98.5226,36,15,3
43,0,8,96.9256,94,8,6
63,1,8,75.8851,32,26,2
46,0,7,45.5557,64,53,1
44,0,6,94.5798,10,41,2
36,1,8,69.0365,82,58,8
45,0,1,55.7867,91,74,9
56,1,5,13.3843,84,48,8
24,0,7,30.2956,24,47,4
64,1,1,80.8831,98,80,5
45,1,8,40.5827,21,21,1
37,0,1,77.0662,55,17,9
53,1,4,72.8048,58,13,8
41,1,4,90.8995,16,25,4
36,0,2,80.535,68,11,5
18,1,7,70.3258,75,59,5
56,0,5,99.1091,82,18,2
50,1,8,58.6843,86,43,2
50,0,8,34.4507,46,31,3
52,0,2,98.6729,33,89,2
36,1,3,20.354,54,78,7
57,0,9,59.8846,65,8,3
56,0,1,36.1695,13,85,7
38,0,9,37.9222,18,94,4
22,0,1,6.2733,90,75,7
52,0,1,22.3193,98,73,6
42,1,3,55.1102,79,79,2
51,0,6,67.9811,53,39,1
22,1,5,92.242,93,40,1
23,1,4,65.3165,23,61,7
46,1,5,27.9664,57,69,1
53,0,5,37.8988,9,80,4
37,1,1,52.3274,33,22,8
35,1,1,55.912,38,65,4
32,1,3,32.2947,91,32,5
52,0,5,70.0843,18,74,6
45,1,8,21.2986,46,28,8
49,0,1,39.1915,25,95,5
19,0,8,6.9087,72,73,5
28,1,5,94.9219,34,73,2
23,1,7,36.6841,89,43,2
60,0,3,18.5498,8,53,4
57,0,8,46.7891,93,55,8
62,1,4,72.4223,42,40,3
52,1,8,94.4197,98,97,6
30,0,6,33.5226,51,25,5
20,1,4,52.5489,75,40,9
44,0,9,30.8944,74,54,7
39,1,2,3.9607,80,12,8
35,1,9,7.4529,32,34,5
36,1,5,87.5845,99,72,6
35,0,3,78.7386,70,87,9
55,0,9,13.536,52,79,9
23,0,8,49.6893,24,42,6
58,0,8,3.2266,14,37,9
37,0,3,16.6432,73,29,1
53,0,1,70.3697,77,99,3
50,1,3,46.2796,58,94,5
49,0,3,31.9702,84,19,9
53,0,5,40.0679,60,57,3
32,1,4,69.5403,83,56,2
25,1,5,74.9884,83,97,8
58,1,5,71.2236,64,77,9
36,0,4,97.659,96,4,9
57,1,1,50.3139,36,50,1
28,0,6,39.2264,24,34,9
44,0,1,63.2694,77,31,1
57,0,4,6.0016,71,22,3
23,1,7,31.1853,79,57,9
31,0,8,16.141,70,13,2
60,1,1,76.7003,66,49,1
62,1,8,59.5102,3,22,4
50,1,5,99.597,99,28,7
56,0,5,63.5293,22,97,3
36,0,8,18.8464,2,1,2
50,1,8,96.7149,26,8,8
49,1,5,94.8968,21,50,4
23,1,2,22.8935,12,85,2
53,1,9,22.1907,86,50,6
47,1,2,71.8358,66,31,9
44,1,1,8.9295,90,49,3
44,0,3,68.3801,61,10,2
32,1,2,81.1498,26,42,4
38,0,3,65.2093,72,88,6
58,0,4,62.1529,16,79,9
40,1,1,25.1086,14,96,6
37,1,9,15.7322,91,87,5
20,0,5,58.2769,78,34,3
44,1,2,20.6537,84,59,1
52,1,4,33.1912,45,69,2
35,0,8,89.5634,42,63,6
18,0,8,6.9822,88,9,3
43,1,5,27.876,88,64,9
57,0,2,75.1945,83,54,6
19,0,8,69.3813,99,27,1
33,1,7,14.8582,39,46,6
58,0,2,32.4663,93,23,7
53,1,3,2.8062,26,67,6
40,0,1,38.8547,95,49,5
25,0,6,16.8413,93,71,8
24,1,6,83.9436,5,57,7
24,1,3,67.6269,93,48,9
23,0,9,88.4634,7,48,5
37,1,3,49.5115,81,16,3
61,1,3,28.1871,35,7,6
60,0,8,36.2089,96,42,4
31,1,5,48.6516,67,24,4
41,1,2,92.7305,22,17,9
27,1,8,24.8927,27,20,7
32,0,9,70.5746,35,54,1
51,1,8,40.0649,47,96,7
57,0,4,4.5683,1,57,5
30,1,2,72.403,75,26,9
57,0,1,79.8177,11,95,5
37,0,3,39.0474,41,71,6
34,0,6,60.4662,45,63,6
22,0,8,35.1766,92,40,8
50,1,7,71.5099,91,64,3
39,1,5,12.1635,90,72,2
54,1,7,35.1297,90,96,3
27,0,3,10.7401,15,23,2
44,1,7,64.05,25,62,2
39,1,2,84.06,12,64,4
63,0,1,33.4248,36,86,3
48,0,7,65.8023,20,95,6
52,1,1,51.3389,53,89,7
60,1,3,50.7382,96,68,8
45,0,8,30.6923,91,16,7
46,1,2,5.0022,5,63,9
30,0,5,31.6358,89,87,1
61,0,3,55.8604,74,76,3
50,0,9,70.1396,65,62,6
29,0,8,45.1445,98,85,4
25,1,8,16.9686,68,5,4
33,0,6,98.023,55,83,6
35,1,2,46.4017,14,80,7
28,1,7,96.544,41,39,2
45,1,6,58.6152,75,79,9
58,1,6,44.3927,78,26,6
49,0,5,18.4368,99,81,1
45,1,3,50.1886,89,64,4
32,0,2,81.1729,63,85,3
29,1,8,83.6822,47,2,8
57,0,9,57.1073,15,3,1
59,1,6,76.6108,38,23,9
40,0,7,28.55,82,35,9
27,1,9,99.1667,7,85,2
64,1,9,14.5704,59,17,1
40,1,1,66.6666,27,44,2
31,1,2,23.1912,92,1,5
46,1,9,92.1983,13,92,1
55,1,4,57.8534,74,95,8
30,1,8,85.3998,21,35,7
47,1,9,60.046,30,61,7
42,0,6,87.8319,89,56,7
21,0,3,2.6985,35,50,5
23,0,4,71.273,28,10,8
43,0,8,42.1087,4,30,6
53,1,4,4.5409,34,10,2
43,1,4,2.8051,58,29,6
38,0,9,24.2028,78,82,7
56,0,3,64.699,94,23,4
31,1,8,26.4541,30,15,6
26,0,6,45.6836,15,19,7
49,0,6,32.1404,31,88,9
36,1,4,6.1445,20,79,6
18,1,7,32.1366,62,99,8
48,1,2,64.0776,56,17,1
23,1,6,48.4545,39,49,5
36,1,2,23.4316,16,83,5
63,1,5,44.7253,15,25,4
30,1,9,10.9959,67,71,8
59,0,6,6.8887,5,85,3
38,0,8,10.6746,74,58,6
39,0,2,52.1543,18,57,2
57,0,4,84.1641,81,55,6
44,0,5,82.6375,90,95,4
60,1,4,58.4114,98,56,7
27,0,2,75.7417,63,22,8
61,1,6,57.4607,50,71,6
57,0,1,24.9789,27,72,9
62,0,7,70.0696,74,66,6
49,1,6,75.6099,14,29,6
18,0,3,71.9621,46,79,6
58,0,2,14.1273,34,81,1
57,0,9,14.7628,34,86,6
55,1,6,44.4977,13,67,5
53,0,8,58.0657,5,14,9
27,0,4,73.2366,23,71,9
43,1,2,84.3927,93,84,4
25,1,4,2.4901,55,88,4
32,0,6,1.413,31,98,7
46,0,9,10.2219,55,58,4
62,1,4,23.7451,63,98,3
37,0,7,9.0684,22,5,3
54,1,7,63.4302,71,67,5
56,0,4,78.5656,20,41,5
24,0,7,14.1155,24,39,8
57,0,4,3.7117,27,27,2
28,1,9,56.6949,10,3,6
59,0,9,62.2994,25,52,7
30,1,3,64.5201,45,18,3
18,0,6,89.8291,30,62,8
60,0,8,84.5717,51,96,3
33,0,3,78.8532,6,65,4
49,1,7,23.4526,47,71,2
61,1,2,51.1119,80,68,6
58,0,6,81.0227,48,54,5
41,1,1,59.3152,65,17,1
25,1,7,88.7065,87,97,1
18,0,5,18.7553,20,32,1
46,1,8,23.212,9,26,3
49,0,4,39.1879,27,30,6
36,0,9,76.3005,45,42,3
20,1,3,45.6396,3,94,7
63,1,2,92.0087,68,70,6
22,0,6,12.9337,28,78,6
62,0,8,25.5345,48,71,1
32,0,8,76.0581,61,51,8
33,1,9,50.25,89,34,2
27,1,7,26.7866,21,23,5
35,1,2,32.9427,84,69,3
40,0,1,65.6897,65,68,8
37,0,7,89.9418,55,10,5
45,1,3,35.534,53,30,9
39,0,6,70.7088,83,99,1
44,1,2,12.9207,92,1,9
47,1,7,73.1648,34,93,7
46,1,6,38.4054,73,95,5
46,1,7,86.5159,1,63,9
27,0,3,24.0597,43,18,9
40,0,7,27.257,29,51,6
30,0,7,79.1399,84,41,2
53,1,7,80.7478,34,80,8
35,1,1,98.5325,33,83,2
30,0,7,73.5139,19,18,7
64,1,8,11.5963,40,20,6
36,1,9,85.9808,48,40,5
33,1,8,59.8854,20,76,4
52,0,1,6.7577,9,92,9
56,1,2,92.801,76,99,6
49,0,1,39.3454,20,44,6
30,0,3,28.0134,97,15,1
38,0,2,42.5278,87,73,1
52,0,3,71.4826,47,74,8
54,0,5,8.2154,59,66,3
55,1,9,60.3261,71,27,4
50,1,6,5.8971,98,7,9
41,1,7,88.6133,88,36,8
46,0,5,75.3773,47,1,5
58,0,3,26.617,98,96,3
40,0,8,91.1583,96,72,6
46,0,6,91.5376,63,95,6
53,0,3,30.9101,62,60,5
29,1,5,17.6127,66,15,6
26,0,8,49.2116,65,62,3
46,1,1,59.9856,90,17,8
21,1,8,78.551,92,52,8
32,0,6,7.5424,42,99,5
56,1,4,75.8339,6,73,6
34,0,3,67.6635,64,63,7
29,1,6,32.6401,32,21,8
56,1,1,54.1695,72,46,3
32,1,5,15.8039,10,91,6
60,1,4,50.794,63,30,3
43,0,7,68.4016,30,67,8
39,1,5,95.4834,6,49,1
40,1,4,48.4833,7,56,8
48,1,3,64.3971,34,78,8
19,1,8,52.1346,47,50,8
36,1,8,4.4723,52,59,6
60,1,3,59.5372,41,20,1
19,0,1,94.4872,55,91,2
24,1,9,85.9049,36,2,7
50,0,2,3.1603,77,2,7
60,1,6,19.3859,77,29,9
29,0,1,35.2929,40,71,1
21,0,4,49.229,83,16,7
23,0,7,14.759,89,71,3
29,0,9,26.0951,35,13,4
29,0,8,44.8296,68,3,8
23,0,8,20.6955,69,88,1
39,0,3,93.1463,54,80,4
51,0,3,15.5201,21,6,3
20,1,6,9.4526,27,39,8
28,0,6,59.6031,91,8,1
19,1,8,6.5327,78,26,1
31,1,6,64.505,6,52,2
48,1,4,92.8252,53,83,8
18,1,4,24.4541,19,14,6
48,0,7,76.9055,46,89,7
40,1,4,13.3471,5,17,9
37,1,3,50.5773,67,1,3
59,1,3,62.2568,77,56,3
28,1,1,64.0414,64,42,8
28,1,8,74.5684,34,74,7
60,0,1,9.6802,29,37,1
34,0,2,2.3742,89,75,4
47,0,2,83.0006,54,26,6
54,1,3,12.5152,1,50,8
37,1,2,86.5673,45,91,3
51,0,4,76.2539,7,92,3
64,1,2,16.8954,65,13,3
45,1,6,99.8667,62,47,3
43,0,4,64.511,77,46,7
34,0,9,93.1755,25,21,7
43,1,8,72.18,51,95,9
30,1,2,16.7063,23,50,6
43,0,9,20.8608,79,28,8
40,0,9,80.8783,45,1,6
59,0,6,38.8788,43,36,6
45,1,6,54.2128,28,87,5
30,1,2,67.856,32,45,5
30,0,8,74.6262,42,95,4
44,0,6,52.3006,83,32,8
48,1,3,9.5299,71,6,4
26,1,1,36.6134,39,65,6
49,1,8,97.2492,57,64,5
47,1,4,6.131,71,62,4
39,0,7,72.0535,76,20,4
29,0,8,26.9451,73,3,1
20,1,3,39.8602,43,68,9
49,1,3,71.3403,2,78,3
22,1,8,15.7124,83,82,1
33,0,1,33.8627,73,46,5
32,1,8,52.4528,65,24,8
35,1,3,91.8265,11,68,6
49,1,7,80.2234,63,68,8
42,0,1,99.4802,61,19,5
49,0,8,52.2095,78,41,6
39,1,3,14.2816,52,75,6
27,0,6,19.2923,55,60,9
26,1,3,21.1728,30,22,1
34,0,6,7.3784,84,53,7
21,0,6,19.3735,80,91,3
60,1,8,57.4309,42,21,8
30,1,3,5.9174,24,11,6
42,0,9,23.052,21,63,7
57,1,7,20.6124,93,5,2
33,0,1,89.1583,8,46,5
31,0,1,95.7929,93,18,6
64,0,6,97.873,85,60,6
61,0,9,17.6714,94,96,4
60,0,9,56.6976,18,29,8
51,0,9,67.9953,82,67,2
26,0,6,98.4068,13,23,6
22,1,6,71.2323,76,50,5
46,1,4,6.5629,42,27,6
28,1,3,34.9889,66,69,9
62,1,1,34.4648,98,54,4
60,1,2,26.1266,31,81,8
60,1,2,43.1123,7,49,5
42,0,3,36.5082,54,62,9
53,1,7,78.1238,39,47,6
63,1,7,13.6057,20,11,7
44,1,3,40.4923,51,42,6
31,1,2,32.7539,65,64,6
25,1,1,50.2769,60,26,2
25,1,2,54.9731,4,56,8
30,1,3,72.3774,60,1,6
35,0,9,58.3094,25,3,2
52,0,5,14.4443,5,54,8
62,1,2,95.9721,64,84,8
32,0,8,22.7336,24,31,7
36,0,5,43.9853,14,81,2
43,0,1,32.7889,88,30,7
37,1,3,78.055,37,7,3
38,1,2,62.1006,90,54,1
27,1,1,76.4801,34,41,6
61,1,7,36.6331,95,11,4
37,0,7,2.447,20,97,3
19,1,8,39.2814,37,37,8
18,0,9,42.5612,75,41,1
59,1,4,10.9054,37,58,8
63,0,8,88.228,40,94,2
21,0,8,9.3523,52,51,4
60,1,9,69.5742,9,17,5
62,0,3,91.1192,14,42,3
39,0,9,37.2092,40,73,8
44,0,5,28.8421,36,94,8
56,1,9,77.0528,98,16,5
46,1,5,93.1122,67,92,2
52,0,6,9.3734,48,68,5
53,0,5,21.5568,47,46,5
30,0,6,55.9277,43,40,3
48,0,9,75.581,56,53,6
50,0,3,73.579,72,61,5
57,0,8,68.2477,75,74,6
26,0,3,44.4726,31,87,3
54,0,6,37.703,58,2,9
38,0,4,55.8337,80,65,9
42,0,2,44.7133,56,49,5
19,1,1,24.6587,54,18,6
52,1,1,83.2473,23,16,7
48,0,2,11.5373,98,16,5
41,0,4,95.1685,88,89,2
58,0,4,27.2495,57,69,6
56,0,9,91.4489,36,33,4
54,1,2,52.612,12,1,9
29,1,2,36.0458,25,39,8
51,1,1,73.3667,61,89,2
31,0,7,1.4085,29,14,4
49,0,6,34.0147,18,26,8
36,0,3,97.5027,38,1,4
41,0,9,70.7806,27,55,1
62,0,9,11.5832,91,96,7
19,0,1,10.031,78,10,3
22,1,3,96.3088,1,38,6
30,0,8,45.7281,21,83,1
29,0,8,21.5532,15,18,8
33,1,8,50.8568,23,43,5
48,0,3,74.9483,37,86,9
34,1,8,7.7972,19,83,8
41,0,6,59.9098,92,70,6
45,1,4,46.7336,68,94,9
23,0,8,50.8337,97,34,5
58,1,4,38.8224,25,68,8
44,0,9,95.5541,7,18,3
56,0,2,51.7664,35,80,2
24,1,5,8.4827,77,27,9
46,0,1,55.636,94,95,2
52,0,5,41.6775,30,77,2
29,1,7,38.2716,66,61,6
46,0,8,53.6794,35,13,7
56,0,1,4.1246,35,17,4
19,0,5,72.0954,56,88,2
21,1,2,50.8266,6,32,3
23,1,9,17.4204,11,3,9
56,0,7,34.9134,85,83,1
40,0,4,69.5527,83,77,3
26,1,4,65.6713,10,21,4
49,1,9,95.6645,25,35,2
53,1,2,40.7344,95,63,8
25,0,7,19.4055,97,56,3
35,0,9,63.6338,77,66,5
37,1,6,97.5424,77,31,5
53,1,1,55.9378,19,47,9
45,1,1,65.4576,26,28,3
33,1,1,52.7812,35,79,2
55,1,3,73.8177,81,61,4
59,1,6,73.1577,88,61,4
18,1,8,81.9611,48,22,6
41,0,9,27.6015,71,70,6
22,1,7,40.0549,79,53,1
64,0,5,69.587,61,63,4
42,0,7,94.167,63,2,1
40,1,7,19.0353,74,52,7
26,0,4,91.3759,99,5,9
29,1,9,66.6253,7,77,5
19,1,5,3.3711,12,34,3
43,0,6,4.6294,87,69,2
52,0,4,68.3721,59,31,7
26,1,1,10.625,24,27,5
54,1,4,41.1436,24,21,9
21,0,3,68.3264,21,72,6
40,0,4,91.9507,82,16,1
63,0,9,76.4938,33,33,4
28,1,5,56.4143,55,9,8
61,0,8,91.1416,63,79,5
54,0,3,96.2178,38,89,6
34,0,8,48.0419,29,63,4
19,1,1,52.8106,49,48,9
29,1,5,21.6499,70,65,9
32,1,5,60.0484,98,77,4
46,1,1,48.9828,52,42,5
57,1,1,83.964,54,58,5
44,1,9,30.4392,74,99,5
54,0,7,14.993,85,52,5
23,1,9,82.6155,93,51,5
18,0,1,95.7367,97,45,7
39,1,1,81.8223,13,96,2
25,0,4,49.8498,70,36,1
55,1,9,51.4303,46,43,3
22,1,4,58.234,7,62,3
55,0,8,74.4063,8,65,9
51,0,7,90.3814,4,53,8
63,0,6,6.7666,40,76,5
28,1,9,32.6097,88,68,2
52,1,6,82.5143,70,15,1
32,0,3,45.9438,7,15,5
30,0,5,24.7931,7,78,4
56,0,1,84.0115,42,95,6
31,1,6,53.3027,54,9,8
38,1,5,49.8527,34,35,1
53,1,3,68.0832,69,72,4
49,0,5,72.2214,4,62,9
58,0,9,87.2714,43,50,2
30,0,4,11.2613,86,45,6
40,0,8,50.2657,72,35,5
54,0,2,36.4464,60,44,1
28,0,7,30.9428,54,89,4
26,0,2,90.0534,7,19,7
35,0,9,69.6759,72,81,8
36,1,9,9.755,81,61,9
51,1,8,20.0655,52,95,5
43,0,8,97.7972,96,79,5
36,1,6,97.3952,41,31,2
46,0,9,60.1517,30,63,8
30,1,5,7.3022,42,38,2
39,1,6,66.0001,72,49,6
50,1,5,68.0336,10,79,3
31,1,9,7.6435,38,36,4
31,1,7,88.8212,24,58,5
26,1,6,4.9943,11,71,8
33,0,5,89.196,45,9,1
62,0,6,3.7893,95,33,7
49,1,8,20.0253,38,52,2
19,0,5,3.3506,44,34,2
42,1,6,19.0865,27,2,1
51,1,5,69.9942,85,43,3
36,0,4,47.7585,2,54,1
31,0,3,70.0211,77,71,4
23,0,5,33.6936,41,70,7
62,1,9,77.0897,8,19,4
33,1,2,26.0205,35,95,2
30,1,8,87.3817,89,76,3
36,0,2,5.789,52,54,5
25,0,4,53.4121,26,29,3
35,0,9,66.1273,4,90,2
35,1,8,3.1631,81,97,4
25,1,9,53.3538,84,72,4
62,1,6,35.7678,58,58,3
27,0,8,18.2576,78,51,6
64,1,4,75.7748,85,91,4
32,1,3,12.3954,31,69,5
39,0,8,15.476,28,43,1
45,1,2,66.1793,74,31,8
60,1,7,53.8242,3,11,5
63,0,4,61.5497,10,39,8
38,0,5,24.7692,17,67,4
41,0,5,22.0042,25,34,7
57,1,2,87.4221,11,94,6
30,1,8,83.266,75,70,5
40,1,6,22.5604,74,87,2
40,1,9,23.4138,19,71,7
31,1,2,1.5881,97,17,7
63,1,7,79.614,65,98,3
25,0,7,27.4029,1,6,3
42,0,3,72.1535,35,25,3
44,0,2,35.6717,19,52,7
31,0,8,8.4926,94,81,2
64,0,1,22.6894,32,87,4
58,1,4,50.1108,74,36,6
52,0,7,83.6324,52,34,3
26,0,7,31.8756,5,29,2
51,1,8,43.3737,94,58,8
52,1,1,81.5402,39,19,8
35,1,8,64.7227,10,23,5
52,0,6,88.2998,50,84,7
54,1,3,62.239,64,39,4
22,0,6,13.624,61,66,8
38,0,6,85.0996,79,59,2
48,0,4,19.6782,16,91,1
21,0,4,83.6652,50,33,3
36,0,7,73.4625,50,41,5
49,1,5,10.7429,64,60,7
61,1,3,63.4237,11,35,9
38,1,5,3.6636,5,77,9
34,1,8,79.8995,4,43,4
34,1,2,24.6991,49,54,8
21,0,6,94.1113,63,11,8
64,0,2,16.3497,59,75,7
31,1,7,85.5171,78,62,5
40,0,9,31.8493,96,77,8
23,1,4,7.3291,34,12,2
60,0,1,55.2965,70,29,8
38,0,8,67.0057,81,33,3
39,0,2,49.8092,69,90,3
47,1,3,79.104,27,98,4
26,0,6,71.7521,38,66,1
28,0,5,46.1728,21,70,4
63,0,2,76.3831,85,75,2
60,0,7,87.7613,91,95,7
53,0,1,81.9608,3,70,2
63,1,9,18.6795,90,49,3
56,0,9,32.5484,93,28,4
58,0,5,80.7234,76,32,3
22,0,5,14.7368,43,56,9
28,0,1,58.7484,32,85,5
52,0,8,58.4655,84,69,1
42,0,5,86.8794,78,95,3
19,1,4,48.256,56,98,2
63,1,7,30.8529,59,96,4
40,0,4,23.1372,42,54,3
62,1,1,65.1635,22,29,5
36,1,8,10.9547,53,32,2
55,1,5,65.0741,92,33,7
62,1,5,10.7647,9,63,5
37,0,7,77.5795,94,90,4
43,1,7,80.8965,89,85,2
36,0,1,47.5135,7,23,4
64,1,2,81.4906,29,16,4
31,1,7,24.0914,82,37,3
59,1,4,75.0875,80,26,5
44,1,5,2.9096,56,1,5
31,0,5,19.0176,84,52,5
45,0,6,65.6365,70,64,3
45,1,9,40.7287,50,44,5
51,0,8,29.18,33,86,8
28,0,7,69.26,26,82,6
42,0,9,67.5961,90,50,3
60,0,3,38.4326,90,9,5
19,0,6,68.1405,32,31,7
20,1,7,22.8745,21,74,4
51,0,8,22.7653,7,38,9
35,0,6,39.2773,72,83,7
31,0,1,40.2209,69,68,8
36,0,2,18.5358,33,43,2
32,1,3,41.4214,36,96,3
37,1,6,58.0018,96,20,8
32,1,7,35.8531,78,27,7
63,1,9,82.5411,90,90,1
36,1,5,27.4829,88,44,9
32,0,7,16.7153,91,67,8
63,0,7,56.0243,14,10,4
26,0,1,10.1938,18,90,4
37,1,5,34.0945,58,75,1
39,0,6,11.3443,67,53,6
59,0,9,76.0045,93,82,9
62,0,6,19.6216,65,82,4
28,0,7,12.1079,97,49,9
61,0,1,36.1899,12,37,9
28,1,5,54.2485,75,67,5
62,1,7,69.7718,70,77,8
29,1,8,26.4758,80,20,6
33,1,8,64.3126,67,11,1
60,1,8,30.1598,33,3,2
41,0,6,10.2884,9,48,5
43,0,1,22.3623,57,67,8
41,1,5,23.1278,91,98,9
26,1,7,14.9225,66,80,4
42,0,2,8.4797,73,57,3
51,1,5,7.7119,61,48,5
50,0,7,97.9069,56,47,8
33,0,8,50.2046,50,69,6
64,1,9,84.4049,4,91,4
56,0,2,39.2312,27,69,4
50,0,4,40.0585,11,35,2
60,0,4,4.4216,39,7,3
48,1,9,49.5703,28,72,1
46,1,8,93.5462,4,6,8
21,1,5,1.2427,36,21,2
21,0,8,53.7863,34,14,1
36,0,4,86.7878,43,33,1
35,1,8,25.8809,65,52,1
19,0,2,54.7621,27,80,7
29,0,1,30.0115,54,15,6
25,0,4,16.0888,43,57,4
39,0,8,60.0417,4,19,2
62,1,8,25.6243,5,44,2
26,1,2,80.3938,68,62,5
58,1,4,29.3708,14,91,4
39,0,6,32.5447,49,10,4
39,1,2,61.0748,55,40,5
50,0,1,66.2467,43,58,9
35,1,2,47.5182,11,40,1
35,1,6,12.2051,15,91,5
49,0,3,98.1588,74,76,7
47,1,5,9.2994,18,89,5
22,0,2,40.7546,91,35,7
44,0,3,47.1942,16,4,1
27,1,4,50.8777,27,89,9
55,0,9,7.0742,13,89,2
41,1,7,84.4305,67,89,3
57,1,3,48.6296,48,56,9
39,0,7,51.5721,49,29,7
54,1,1,92.5391,30,64,8
31,1,9,33.0836,17,41,7
52,1,4,86.0201,21,85,5
59,0,3,93.6161,25,55,4
34,0,9,16.0355,37,64,5
46,1,8,66.9858,90,89,5
30,0,9,39.3161,29,58,3
64,0,7,86.813,13,42,6
60,1,6,87.9838,19,91,5
22,0,1,94.1718,43,57,3
37,1,9,42.5225,38,66,5
33,1,5,78.4559,25,29,8
63,1,9,48.7698,61,88,8
53,1,5,69.2168,53,92,1
57,1,4,56.9532,38,40,4
28,0,5,64.1349,57,85,6
57,0,3,1.9136,90,70,1
39,0,8,59.4578,9,87,1
28,0,3,6.9025,9,83,2
36,1,4,52.1137,57,73,7
60,0,3,41.646,56,2,5
22,1,4,57.5521,2,94,9
51,1,1,51.8902,58,75,5
36,1,9,54.9651,83,45,7
48,0,7,43.655,6,30,8
31,1,9,92.7587,29,87,8
48,1,7,26.702,50,28,4
40,0,9,59.3482,27,81,5
35,1,3,25.6457,76,9,8
47,1,9,32.0579,40,38,6
44,0,4,41.5898,50,91,3
35,1,8,3.0161,59,94,3
19,1,1,65.0812,43,14,5
30,1,3,13.7693,11,10,5
62,1,5,35.793,76,96,8
24,1,3,88.4059,20,7,7
54,0,1,74.1017,68,69,2
59,0,4,52.285,10,98,6
22,0,2,28.2487,78,68,9
60,1,8,87.9707,24,80,7
43,0,3,30.3886,79,12,1
34,0,2,63.656,66,63,1
27,1,3,32.1304,79,83,5
43,0,7,83.4497,28,21,2
23,0,1,9.0022,64,46,7
23,0,2,84.9356,80,28,4
40,1,1,80.9945,47,35,6
56,1,9,74.6082,78,55,7
35,0,6,73.0486,50,6,8
47,1,6,90.657,46,60,5
19,0,4,64.5115,96,16,4
44,0,1,88.1061,64,53,7
18,0,1,22.8868,97,67,4
59,1,2,73.0305,56,10,4
20,0,4,3.4836,87,35,4
19,1,4,64.757,91,18,6
18,1,5,35.8248,23,79,5
37,0,7,53.5246,10,88,1
53,0,9,70.7318,95,39,3
55,1,9,86.5337,65,31,8
45,0,6,32.7066,52,82,7
50,1,4,11.9742,58,52,5
52,1,5,20.026,81,12,7
29,1,1,91.1613,41,85,6
23,1,8,95.8397,42,2,5
34,0,3,87.8095,76,89,3
24,1,7,83.5001,11,37,2
45,0,4,58.6699,63,36,7
63,0,5,43.7196,32,48,5
50,0,9,92.6996,32,65,4
41,0,8,1.1652,94,87,1
45,0,8,27.6376,34,70,7
34,1,2,56.206,89,6,2
46,0,2,13.195,68,16,7
22,1,5,75.1209,34,38,1
47,0,3,14.3449,93,75,9
20,0,7,54.8822,5,4,7
52,0,9,59.4248,84,98,5
62,1,8,41.4709,55,65,4
52,1,8,92.2398,96,30,5
22,0,4,82.4119,2,66,5
47,1,7,83.211,49,40,2
22,0,5,57.6119,59,5,7
21,1,4,60.6499,68,16,3
56,1,6,91.7303,89,43,6
36,1,5,93.6762,78,19,6
38,1,5,14.3681,99,6,8
45,0,1,15.3524,76,64,7
61,0,8,63.7179,55,71,4
18,0,6,77.2359,1,89,9
47,0,3,11.8334,21,88,9
27,1,2,21.6053,87,98,2
49,1,1,11.9563,68,78,9
50,1,5,80.923,84,98,4
26,0,9,91.6935,91,15,5
55,1,4,9.8333,73,74,8
53,1,3,18.1588,56,93,6
38,0,1,71.2428,94,55,6
32,0,8,24.1139,1,91,2
35,0,8,40.3898,3,22,8
55,0,6,72.7317,96,34,5
59,0,3,70.8457,62,85,6
49,0,7,21.6046,10,66,1
24,1,6,46.3692,6,75,4
24,0,3,53.8302,25,42,2
44,0,8,28.0011,29,93,8
57,1,4,63.3463,71,77,7
31,0,1,22.7535,21,54,4
56,1,7,74.825,12,43,8
39,0,4,17.4057,51,34,8
24,0,4,12.6983,24,72,2
50,1,9,42.5702,75,2,7
21,1,7,32.9948,49,52,6
26,0,6,39.5547,15,70,5
25,1,7,18.6145,62,33,9
63,0,3,24.2936,40,71,5
55,0,9,10.1383,89,81,5
52,1,6,76.9358,71,15,4
32,0,7,31.7542,7,36,3
52,0,8,58.2706,69,77,5
31,1,3,82.1462,33,18,8
63,0,7,86.4873,90,36,5
46,0,5,38.2614,16,77,3
38,0,9,80.4053,54,79,4
64,0,3,83.6758,52,20,1
35,1,9,65.4544,51,37,5
26,0,9,40.9665,25,72,1
41,1,6,87.4993,48,53,8
31,0,2,43.4451,66,87,7
50,1,9,62.835,6,16,6
24,1,6,8.3518,15,6,4
56,0,3,6.0581,78,65,8
33,0,1,41.3591,61,41,3
56,1,2,70.9733,35,7,8
56,1,3,16.4663,98,43,9
20,0,1,34.6095,94,90,7
53,1,4,34.1034,58,10,1
43,1,6,1.3428,80,86,8
63,0,4,46.0212,57,5,3
35,0,7,88.4249,62,47,9
40,0,6,1.5815,90,12,6
64,0,4,75.7765,84,53,3
39,1,1,82.4186,50,89,6
31,0,4,60.8244,31,71,6
62,0,9,21.4523,3,29,5
41,1,8,14.6164,96,3,7
59,0,3,22.027,38,55,5
32,0,1,71.9314,88,38,8
52,1,7,75.9008,3,53,8
55,1,5,26.9473,46,23,6
36,0,8,11.6235,91,94,7
58,1,9,5.405,53,56,3
47,0,1,91.3827,20,4,1
59,1,7,53.8993,3,77,7
22,0,9,92.3188,39,41,6
59,1,2,5.3212,13,79,7
48,0,7,31.245,79,14,5
52,0,9,66.2566,3,80,6
19,0,9,37.187,19,43,7
57,0,8,28.1461,40,11,4
49,0,8,59.243,51,24,8
41,0,8,34.8254,83,80,4
36,1,7,93.4675,17,80,2
19,1,1,55.7727,41,48,2
22,1,4,27.2368,94,83,9
63,1,2,37.0521,5,12,6
60,1,5,40.0862,75,39,1
44,1,9,90.198,38,84,7
49,1,5,65.8255,3,64,8
46,1,3,47.4115,54,73,2
51,1,3,82.8007,72,88,5
18,0,6,3.0449,99,13,7
55,1,9,83.7595,71,81,5
35,0,9,10.4905,67,75,7
56,0,1,27.3475,74,42,5
37,1,4,57.1929,72,11,7
37,1,5,57.6362,76,33,3
43,0,1,46.7154,57,82,6
34,0,5,11.4837,30,60,4
26,1,4,39.325,94,48,2
51,1,1,3.4392,84,56,2
29,1,7,85.5888,10,84,7
21,1,5,96.4129,6,76,1
44,1,1,65.7197,33,10,5
27,1,9,24.7629,89,26,5
51,0,6,58.2174,94,66,4
26,0,9,98.7684,52,35,6
43,0,4,7.5482,4,97,1
36,1,1,25.068,6,55,1
37,1,3,13.2893,90,74,9
44,0,7,99.073,71,42,9
40,1,9,70.5156,15,45,9
31,1,2,27.0415,90,58,2
26,0,7,24.5665,52,88,9
33,1,9,73.0541,82,55,9
32,1,7,20.8297,75,27,1
25,0,6,99.2341,15,48,3
22,0,8,31.4547,32,7,8
43,0,1,48.4877,19,41,8
33,0,3,79.8789,83,51,6
45,1,4,32.0907,22,36,3
39,0,6,98.0571,59,96,3
23,1,9,5.3478,68,90,3
49,0,9,73.2036,34,78,2
38,1,9,9.3725,64,58,8
60,1,1,79.1123,38,42,9
38,1,1,55.9971,9,71,6
43,0,4,98.3543,11,65,8
18,0,1,5.9459,63,46,2
52,1,1,9.807,38,87,2
54,1,9,69.2532,95,76,8
48,0,5,20.1011,48,47,1
22,1,4,4.084,69,18,3
61,0,7,69.5773,23,30,2
37,1,4,63.8052,63,71,8
41,0,8,50.7496,68,25,9
58,1,4,64.1277,68,28,7
56,1,1,38.7298,21,99,1
41,0,1,44.3906,58,73,9
35,1,5,92.1046,78,88,8
58,0,4,96.5176,91,30,6
23,0,6,74.5085,17,47,1
54,0,8,5.1269,28,76,2
52,0,3,54.9213,71,50,7
60,0,8,24.8603,50,43,8
59,0,1,68.3573,80,50,1
18,1,7,45.2782,96,44,4
28,0,4,25.6917,93,43,2
43,1,5,58.4967,12,66,5
51,1,8,63.8966,7,91,7
33,0,8,66.9048,26,13,2
25,1,4,97.1075,13,85,5
40,0,4,13.2466,9,70,2
19,0,9,69.9482,79,17,2
18,0,1,65.7473,50,41,8
50,0,1,38.5507,65,60,2
57,0,7,74.6132,99,16,4
64,0,4,4.5452,73,47,1
44,1,1,31.1634,85,99,4
61,0,1,75.5531,25,51,4
52,1,9,46.1729,3,58,2
38,1,3,41.4115,39,30,7
51,1,5,40.5329,74,16,9
36,0,8,14.4333,28,28,7
38,0,3,58.4048,63,91,8
61,0,6,58.5312,42,1,1
24,0,4,46.1761,29,20,9
31,1,4,29.6307,8,59,8
30,0,9,7.7154,35,22,2
24,0,9,32.536,83,59,9
49,0,9,2.9227,16,35,4
63,1,4,8.6575,61,32,5
31,1,8,67.2468,64,34,2
26,1,9,45.8017,80,56,8
63,1,1,9.1713,63,74,3
43,0,8,40.8373,26,98,9
18,1,9,88.6939,28,54,3
26,1,4,59.3669,40,96,8
49,0,6,71.9055,95,2,5
19,0,3,79.4091,28,98,3
21,0,8,88.7475,74,54,8
47,0,9,51.3594,71,88,6
31,0,3,20.0041,95,33,1
64,1,2,59.1925,67,44,8
59,1,2,65.51,51,19,9
18,0,6,79.7774,30,30,7
61,0,7,17.9762,78,41,6
59,1,1,47.5293,42,89,2
64,1,7,48.4425,74,3,1
33,0,8,14.0705,98,15,2
37,1,7,93.3142,41,27,9
30,1,5,12.1747,22,52,3
26,1,6,88.7477,26,19,5
61,0,9,45.2682,8,98,2
31,1,4,24.1687,58,9,5
22,1,6,19.6137,53,62,6
50,1,1,16.7924,48,86,4
57,1,5,3.4419,63,8,7
21,1,3,26.7433,74,86,7
28,0,5,22.6299,40,59,5
26,1,6,59.4345,89,13,2
27,1,3,16.558,85,70,2
26,0,6,88.1942,48,54,7
27,1,2,18.3784,38,2,4
34,1,1,60.4806,36,38,7
29,1,9,94.811,51,27,6
61,1,5,2.3566,41,86,5
33,1,6,34.613,89,98,8
43,1,4,39.3879,50,92,4
45,1,4,48.7967,36,64,1
41,1,6,8.9618,38,48,8
56,1,1,65.3539,7,44,7
43,0,7,79.55,7,74,1
42,0,1,26.0218,57,21,2
23,0,4,20.0925,30,65,7
24,1,5,17.1081,45,89,7
37,1,8,15.4949,95,99,5
30,1,4,71.6291,38,26,5
24,0,2,54.0713,72,54,5
31,0,8,49.5063,60,24,3
30,1,5,4.6452,22,93,9
31,0,6,18.7923,8,75,3
26,0,8,36.8209,74,55,3
59,0,9,62.0191,82,38,9
18,0,5,97.8007,18,67,8
49,0,8,10.4581,69,70,7
21,0,4,2.1085,62,49,9
60,0,2,98.582,15,74,1
30,1,4,45.959,7,87,3
50,1,9,81.9641,3,95,3
49,0,6,31.2577,75,90,3
56,0,1,84.0354,91,1,1
40,0,7,81.3772,81,80,2
45,1,2,72.6861,25,18,8
43,0,5,20.3925,46,32,2
47,1,5,40.2029,91,78,6
55,0,1,96.5087,79,90,7
48,1,3,51.537,43,2,3
28,1,2,47.3352,36,97,2
42,1,8,76.7601,85,30,9
43,0,1,76.0456,41,19,8
49,1,8,76.4466,37,44,1
